Atr_10304-61,G,A,TGGCTTGGCAGTGG,TGGCTTGACAGTGG,GCCTTTGTTCTCCAGCTTGC,0,0
Atr_10428-71,T,A,AGAGAGCTAGCA,AGAGAGCAAGCA,CGCACACACACAAAGAGAGC,0,2
Atr_10867-69,C,T,TGGTATACAATGAA,TGGTATATAATGAA,AGGACTGGGTAGGGAGCATT,0,0
Atr_10998-72,T,C,AGTAATGTGTT,AGTAATGCGTT,CAAAGCGCCCATGATTGTCA,0,0
Atr_11046-75,T,A,GGCCCAAT,GGCCCAAA,GGAGGGCCTGGGAATCCT,0,0
Atr_11787-73,G,A,CTAACCCGCG,CTAACCCACG,ACAGTCCCTACAGGCATTGC,0,0
Atr_11864-68,T,C,ATATCGCTGACCAC,ATATCGCCGACCAC,GGTACCACCGCCAATATCGC,0,0
Atr_12219-56,A,C,ATAGTATATGCGGG,ATAGTATCTGCGGG,GCAGGGAAGTCTAAACCCCA,0,0
Atr_12616-36,G,A,GCCGTTCGTGAAGC,GCCGTTCATGAAGC,TCCTGCCATGCTAGCAAGAG,0,0
Atr_12677-44,A,G,ATGTACTATTTAGC,ATGTACTGTTTAGC,TGCAGGAGAGGATGTATACGTC,0,0
Atr_13073-61,T,A,TTTTAATTTGCATT,TTTTAATATGCATT,GCTGCAGCTTACAGTCTTCA,0,0
Atr_13706-54,A,T,GTGAGAGAAGACTA,GTGAGAGTAGACTA,AGGCTACTTGCATCTGCCAG,0,0
Atr_13729-47,T,C,GCACAAGTTTTTTT,GCACAAGCTTTTTT,CCATAGCTTTTGTGCAGCACA,0,0
Atr_13917-71,C,A,AACTACTCATCA,AACTACTAATCA,CCTTCCCAGGGAGCTTGATG,0,0
Atr_13930-72,A,T,GTTTTATAAGC,GTTTTATTAGC,TGTTTTAGTGGGACCAGTGCT,0,0
Atr_14410-52,T,A,GAAGCAATCCCCAG,GAAGCAAACCCCAG,ACAGGTGGTTCATCTGCAAAC,0,0.3
Atr_14635-67,C,A,GGAGCACCAAAAAC,GGAGCACAAAAAAC,ATCCCCAGCTGATTTGCCTC,0,0.3
Atr_14917-56,C,T,AACACATCTTAACA,AACACATTTTAACA,TGCGCCACCTAGAAACACAT,0,0
Atr_15179-54,G,T,TTCAAATGACCCCA,TTCAAATTACCCCA,GCAGGGTAAGTTAGTTTAAGCGC,0,0
Atr_15201-45,A,C,TTACTGAAACACAT,TTACTGACACACAT,GGGTACAGTGCAAGAAATGGC,0,0
Atr_15298-72,G,A,TCTCACTGTAT,TCTCACTATAT,TCTCAGCATCTTTCACTACCCA,0,0
Atr_15875-62,C,T,CCTGCCCCGTGGAA,CCTGCCCTGTGGAA,TCCATCAGAGCTCACCAGGA,0,0
Atr_16803-66,C,T,GGCAGCACGCCTCT,GGCAGCATGCCTCT,CATGTTGTGTGTCCGGTGC,0,0
Atr_18133-56,G,A,TGGGTTTGTTGTAT,TGGGTTTATTGTAT,AGTCAAGTGTGTGTGTTGGGT,0,0
Atr_18295-67,T,C,ACCTGCATGGCAAA,ACCTGCACGGCAAA,CTCGTCTTGAGGCACCTGC,0,0
Atr_18334-74,A,G,ATGGTGGAC,ATGGTGGGC,GGAAGTTGGTCCTCAGAGGC,0,0
Atr_19666-61,G,T,ACATTCAGGGCATA,ACATTCATGGCATA,CAGGCCTCAAGCTCTTCTGT,0,0
Atr_20013-55,C,T,GCCTGCTCCCCTCG,GCCTGCTTCCCTCG,GATGCTAACCTGGCTCTGGG,0,0
Atr_20252-35,T,C,ATGGGGGTTGTAAT,ATGGGGGCTGTAAT,ACTTGGACGAGGCATCATGG,0,0
Atr_20332-60,T,A,GTATAACTAGAACA,GTATAACAAGAACA,ACATTGCCTACACCTCACCC,0,0
Atr_20482-41,C,T,CGGGAGCCGAGCTT,CGGGAGCTGAGCTT,CTCATTGCAATTGGGCTCGG,0,0.3
Atr_2084-45,A,G,GGTTTGAAAATGTT,GGTTTGAGAATGTT,TGAGGTAGCCAGCAGGTTTG,0,0
Atr_20952-49,T,C,ACACTACTCTGCCC,ACACTACCCTGCCC,TCCCCAGCTGACATGAACAC,0,0
Atr_21685-29,A,G,GTGCTGAAGGCTCC,GTGCTGAGGGCTCC,TGCAGGTTTGGTTCTCTGTTTG,0,0
Atr_22008-56,C,T,TACTGAACAGTGAT,TACTGAATAGTGAT,GGGCAAGAAAAGACCCAAACC,0,0
Atr_23070-31,C,A,CAGTCTCCGCATTT,CAGTCTCAGCATTT,GCCTTTGCCCTCCAGTCTC,0,0
Atr_24146-56,A,C,ACATGTTAATCTTG,ACATGTTCATCTTG,TGGCTAAAGATCTAGAACACATGT,0,0
Atr_2540-75,A,C,TCTGGTAA,TCTGGTAC,TCAAGCATGCTAAGTGTCTGGT,0,0
Atr_25905-72,G,A,AAACCACGGAA,AAACCACAGAA,TGAGGGGAAGTTGAGGTGTT,0,0
Atr_2684-39,A,T,ACTGGACAGAGATC,ACTGGACTGAGATC,CAGGAGACGCAGGGAGAAAG,0,0
Atr_27072-33,T,A,TTTATGATAGTGAT,TTTATGAAAGTGAT,GCAGGTGATTGGTGGAAATAGC,0,0
Atr_27367-69,T,C,AAATAAATACACAG,AAATAAACACACAG,CGTTTCCACAGTGGCAATCA,0,0
Atr_27430-71,A,G,ATTGCCCATGCC,ATTGCCCGTGCC,CTGGTCTGGTCAGCAATTGC,0,0
Atr_2768-35,C,T,CGCCTGGCCAGTTG,CGCCTGGTCAGTTG,TGCAGGTGTTCAGTTGAGCA,0,0
Atr_28280-63,A,G,TGATCAGAAACCTT,TGATCAGGAACCTT,TCCACTTTGAACTCACCGGG,0,0
Atr_28411-65,A,G,GTGCCCAACAGGAC,GTGCCCAGCAGGAC,AAACCAAGCAGCGTCTGGAA,0,0
Atr_28609-62,A,T,CAAACATATCATTG,CAAACATTTCATTG,GCAGCAGGGTAAGGATGACA,0,0
Atr_28746-28,T,A,AGGTTCTTCACTTT,AGGTTCTACACTTT,AGGGGTTGTTGGGCATAAGG,0,0
Atr_28834-39,T,A,ATGTAGGTGACAGT,ATGTAGGAGACAGT,TGCAGGAGTGATCACAAAGATGT,0,0
Atr_29086-33,C,T,TTGTCAACGGGTTT,TTGTCAATGGGTTT,GGTTTGGTTCAACCGCACAG,0,0
Atr_29414-61,C,T,TTCCAACCGGGGAT,TTCCAACTGGGGAT,CAGGGCTGGGGTCTGGA,0,0
Atr_30145-46,T,C,AAGGAAATACTTGC,AAGGAAACACTTGC,TGCAGGTTGCCCATTGTATCA,0,0
Atr_30271-58,G,A,AGGAGTCGTATTTC,AGGAGTCATATTTC,ATGCAGAATCCACAGGAGTC,0,0
Atr_30376-68,C,T,CAGGAAACGACTCA,CAGGAAATGACTCA,CCGCCAGCAGTCAGGAAA,0,0
Atr_30916-62,G,A,GACTGGGGCTATTT,GACTGGGACTATTT,AGGTCGTGCTGTATTGGTCA,0,0
Atr_30992-26,C,T,TAATGGTCGTTAAT,TAATGGTTGTTAAT,GCAGGTCTGAAATGAGGTAATGG,0,0
Atr_32234-71,C,T,CACGCCACGGGG,CACGCCATGGGG,CTCAGGAGGATGGCCATTCT,0,0
Atr_32382-60,G,A,TATACTCGGAAACA,TATACTCAGAAACA,CAAACCCTGGTCCCTTGGTC,1.8,0
Atr_32545-55,A,G,ACTCAACACGCCCT,ACTCAACGCGCCCT,TCCACTTGGGATGATCTAATCTCC,0,0
Atr_32945-42,G,T,AAAAGAAGAGTTCC,AAAAGAATAGTTCC,TGCTCTTTCAAATCCTATGACTCA,0,0
Atr_33123-54,T,C,AAAGCAATGATTAA,AAAGCAACGATTAA,ACTGTGTTCAAGAGACCATTGGA,0,0
Atr_33645-66,G,C,TCGCTCTGTGAGGT,TCGCTCTCTGAGGT,TGCGTGTCTGCATCTCCAAT,0,0
Atr_33803-28,G,T,AGCTGCAGGGATGG,AGCTGCATGGATGG,GGAATGTAATGTGACCAGCTGC,0,0
Atr_34454-29,G,A,GACCAGGGTTGCCT,GACCAGGATTGCCT,GATTGTGGCACTCCAGGACC,1.5,0
Atr_34497-36,C,T,GATAGTTCGCTCTT,GATAGTTTGCTCTT,GGAGGTGCTGCTGGTGATAG,0,0
Atr_35440-36,A,T,ATACCATACATACA,ATACCATTCATACA,CAGGTCCTACCACTGCTGAC,0,0
Atr_3581-53,T,A,TTTTATTTTTCATA,TTTTATTATTCATA,AGCTCCAGTTCACAAAGCCT,0,0
Atr_3627-31,A,T,GTCTATTAGTGTTT,GTCTATTTGTGTTT,GTTCAAACCACACAACTGTCTAT,0,0
Atr_36331-53,C,T,TGTGGCTCGAGGGC,TGTGGCTTGAGGGC,CGGAAGGCCTCAGATTGTGG,1.6,0
Atr_36485-28,C,T,CCTCATCCTAGCCC,CCTCATCTTAGCCC,GGTGCTAGCAGCCCTCATC,0,0
Atr_36960-37,A,G,CCATGCCAGTCCGT,CCATGCCGGTCCGT,CTTGACGCCAGCTGCAGAA,0,0
Atr_38278-50,C,A,GTGCATGCAAACTA,GTGCATGAAAACTA,TCCTCCAAACCACAGTGTGC,0,0
Atr_39018-58,C,A,AAAAGACCATTTCA,AAAAGACAATTTCA,GGTTCAGACCCACTGTGTATCA,0,0
Atr_39023-56,C,T,AGTGACACGGAGAG,AGTGACATGGAGAG,GGTCCACCTGTCAATAATGGC,0,0
Atr_39071-73,G,A,CTTCACAGAC,CTTCACAAAA,ATAGCCCAGGTGGATGCATG,0,0
Atr_39081-73,C,T,TTTAGATCAG,TTTAGATTAG,TGGATGGAGGTTTAATAGGACCA,0,0
Atr_39125-48,T,C,ATAGTGTTGAAACT,ATAGTGTCGAAACT,GCAACATCGTGAAAACGCCA,0,0
Atr_40110-57,G,A,TAGGGCCGCATGCA,TAGGGCCACATGCA,GCACTGTGCCACTGACATAT,0,0
Atr_40316-51,A,T,ATTAAAGAAAAATA,ATTAAAGTAAAATA,TGCAGGTTTGTTTCTGTGAATGG,0,0
Atr_40343-66,G,A,CTGCTTCGTTAGGG,CTGCTTCATTAGGG,CAGCAACGCTTACAGCACAG,0,0
Atr_40954-66,G,T,ATTGGGGGTAAAAT,ATTGGGGTTAAAAT,TTGGACATTGCAAATTGGGG,0,0
Atr_40974-63,G,A,GAGATGTGATCTGT,GAGATGTAATCTGT,GGACCACAGAGTGAGATCCG,0,0
Atr_41828-27,A,C,TAAAGGGAAACAGT,TAAAGGGCAACAGT,GCAGGAGTCCTACAAAGTTAAAGG,1.5,0
Atr_41948-31,A,G,GAATTGAAGAAGTA,GAATTGAGGAAGTA,TGCAGGGAGGGACATCTCTT,0,0
Atr_41986-71,G,T,AGTGGCAGAATG,AGTGGCATAATG,ATTGTATGGCGCTTCCTGCT,0,0
Atr_42039-63,T,C,AGGCCAGTGGCGAG,AGGCCAGCGGCGAG,ACCAATCCAATCAGCCTCGG,0,0
Atr_42405-55,C,A,CCCCAGTCCCTTAA,CCCCAGTACCTTAA,CAACACTGACAGACCCCCAG,0,0
Atr_43107-50,G,A,ATCTGCTGTAGCAC,ATCTGCTATAGCAC,GGTGTCTGCCTGAGCTCAAT,0,0
Atr_43414-51,C,T,TATGAGCCGAGTCT,TATGAGCTGAGTCT,AGTCTTCCCGAGGGACAGTT,0,0
Atr_43531-74,G,A,GTGCGCCGC,GTGCGCCAC,AACTGTTCAGTGAAGTGCGC,0.6,0
Atr_44473-38,T,C,ACATTGATATCTCA,ACATTGACATCTCA,GCAGGTGGTGGAGCTCATAG,0,2
Atr_44513-72,T,C,GTGGCTCTAGA,GTGGCTCCAGA,CAAACGATATGAAAGCTGTGGC,0,0
Atr_45074-45,T,G,GTGCATTTCAGCAG,GTGCATTGCAGCAG,GGAGAAACACACACCAAGCG,0,0
Atr_45494-35,G,T,CATTTCAGTCGAGG,CATTTCATTCGAGG,GCAGGACATACACGGTGGAA,0,0
Atr_457-66,G,A,TCAACTGGGACCAT,TCAACTGAGACCAT,GAAGGGCTGAAGTGATGGCT,0,0
Atr_45890-59,G,T,GTGAGGAGACCTGT,GTGAGGATACCTGT,TAAGGGCTGCAGTGGTGAAG,1.6,0
Atr_46088-36,T,C,TCATCTGTAATATG,TCATCTGCAATATG,GGCAGTCATGATATAAAGCGGG,0,0
Atr_46134-46,T,C,TCCCTGCTGATTTT,TCCCTGCCGATTTT,TGCTTGACCTAGCCAGTAGTG,0.3,0
Atr_46229-66,G,A,TTGCTCCGTACAAA,TTGCTCCATACAAA,AGTGACAGGGAATTGTATGCCT,0,0
Atr_4643-39,A,G,TATGTATACCTGAG,TATGTATGCCTGAG,GGCAAGAGAGAGCATCAGCA,0,0
Atr_4661-28,C,T,GTTAGTCCGGGGCA,GTTAGTCTGGGGCA,GCAGGTAGATCTCCAGCTGG,0,0
Atr_46637-57,C,G,AGCGTCACAGGCTA,AGCGTCAGAGGCTA,CATAAGCGCTGGGATAGGGG,0,0
Atr_46690-29,A,C,CTGCCAAAGGATCT,CTGCCAACGGATCT,GGCTCTCAGAGTAATTACTGCCA,0,0
Atr_4677-47,C,G,TCCCGGACCGGGCC,TCCCGGAGCGGGCC,CCTGACACTGGCACTCAACA,0,0
Atr_46983-45,T,A,GTTCGTTTCTACAG,GTTCGTTACTACAG,CCTGGTAGCATGTGGGTGTT,0,0
Atr_47195-73,T,C,AAGCCGTTAA,AAGCCGTCAA,GAAACGCTCAGGAGTGGAAC,0,0
Atr_47352-72,A,G,GCCGAGCACTC,GCCGAGCGCTC,CTCATGCCGCTCTCCTTCAC,0,0
Atr_47484-45,T,C,GTAGGGGTTGCTCT,GTAGGGGCTGCTCT,GCAGGGGTCTGTTAGAGCTC,0,0
Atr_47529-73,C,A,TAAGCAACTT,TAAGCAAATT,GCTGCCATTAATGATCTTGTCCT,0,0
Atr_47979-72,T,A,GCCTTTATATC,GCCTTTAAATC,AGGCAGAACTAAATACAGCACTG,0,0
Atr_48754-60,G,A,CTGCAACGACGTGT,CTGCAACAACGTGT,GCTTTCTCCTTTCAGTGGCC,0,0
Atr_49388-52,G,A,CATGTGTGTCTGTC,CATGTGTATCTGTC,GGGACCCATGTATAAGATGGCC,0,0
Atr_49629-71,G,A,CATGCCTGGGGA,CATGCCTAGGGA,CCAGCAGAGCCATGGGAATC,0,0
Atr_49790-61,C,A,TGCACTACTCTTCT,TGCACTAATCTTCT,GCTACAGTACCACCTGCACT,0,0
Atr_51176-35,G,T,AAAAGTTGCACAAC,AAAAGTTTCACAAC,TGCAGGTGAGATGAGGTTACTG,0,0
Atr_51458-37,T,A,CTCGCACTGTTGGC,CTCGCACAGTTGGC,TCAATCTGATGCTGGGCCTC,0,0
Atr_52164-31,A,T,TTTTTTTAAAGAGC,TTTTTTTTAAGAGC,TGCAGGGATAAGCCAAAGC,0,0
Atr_52650-66,A,G,AGACAGTATGTTTG,AGACAGTGTGTTTG,CCCTTGCTGTGGCTCTTCAA,0,0
Atr_52666-51,A,G,AAAGGGTAGTTATT,AAAGGGTGGTTATT,GCAGGCCTTCTGTATGTAAACC,0,0
Atr_52675-47,C,T,TGAACCGCGACCTC,TGAACCGTGACCTC,CAGTTTGTCAGCCGGTGTTG,0,0
Atr_52715-59,C,T,AGTATACCCCTTGT,AGTATACTCCTTGT,ACTGTAGTGTGGTTATGTGGTT,0,0
Atr_52868-38,C,T,TTGCAAACGGAGCA,TTGCAAATGGAGCA,CAGGGTCCCAGCTGAAGAG,0,0
Atr_53157-67,G,C,GACAAGAGAGACAG,GACAAGACAGACAG,CCAGCCTAGCCATGGACAAG,0,0
Atr_5336-58,A,T,AAACCACAGCATTC,AAACCACTGCATTC,CTCACCTCACAGGCTACACC,0,0
Atr_53521-30,C,T,ATCCCTTCCTACCG,ATCCCTTTCTACCG,TGCAGGTCATCATCTGAACAAGA,0,0
Atr_54038-48,A,G,CCGGGGAAAGGATG,CTGGGGAGAGGATG,CACAGGTATGCCACAGGACA,0,0
Atr_54041-38,C,T,TTTGAATCTTAAGA,TTTGAATTTTAAGA,ACTGTCTTGGGTGGCAAACT,0,0
Atr_54160-70,T,C,TCATTTTTGGGTC,TCATTTTCGGGTC,TTTGCGGTTCAGATGTGGGT,0,0
Atr_54266-27,G,A,GTTACTTGTATTGG,GTTACTTATATTGG,TGCAGGCTTCACTACATAGGT,1.1,0
Atr_54764-45,G,A,AGCACTCGCTCCCA,AGCACTCACTCCCA,TGGGGAGCCAAGTAATGAGC,0,0
Atr_56024-45,C,A,CAAGTAGCGATCAG,CAAGTAGAGATCAG,AGGTCAGCCCGTCCCTATAA,0,0
Atr_56033-37,C,T,GCTACAGCTTTATT,GCTACAGTTTTATT,TCTAGTCCCTCCCGCTACAG,0,0
Atr_5610-27,A,G,GTGACACAAGATTA,GTGACACGAGATTA,TGCAGGTACAAGCAGAGCAG,0,0
Atr_56109-40,C,T,CAGAACTCGCCCTG,CAGAACTTGCCCTG,CGCATGCGTCCGATAGCC,0,0
Atr_56854-26,A,C,GGAAAGTAGGGGTA,GGAAAGTCGGGGTA,GACGTGCACGGGTGGAAA,0,0
Atr_57018-28,C,T,GCGTTGTCCTCCGA,GCGTTGTTCTCCGA,CTTGCCTGTAAGCTGCGTTG,0,0
Atr_57542-29,A,T,CCAGAAAATGGCTC,CCAGAAATTGGCTC,CTGGCCTTTGTCCTCCAGAA,0,0
Atr_57756-67,C,T,CAATCAACGAGCAG,CAATCAATGAGCAG,TGCAGGTAAGGGCAGATGAC,0,0
Atr_5779-55,T,G,TTTTTCTTTTCCCT,TTTTTCTGTTCCCT,TGCAGGTATTGAAGACATTCTCTGA,0,0
Atr_57832-69,C,A,GAACACGCTGACAC,GAACACGATGACAC,ACCAGTTCCAGAGATATGGGTG,0,0
Atr_57870-70,A,C,ACTACCTAACCAG,ACTACCTCACCAG,TTACCTTACATATGTGTCACTACCT,0,0
Atr_58342-71,T,C,TCCTTCTTTCTG,TCCTTCTCTCTG,GGGTGTGTTGTCTCTCCTTCT,0,0.3
Atr_58434-42,G,A,CCAGTCCGTTTTCC,CCAGTCCATTTTCC,GCAGAACCACGCCAGTCC,0,1.5
Atr_58562-59,G,T,TATAATTGACCTCT,TATAATTTACCTCT,GACAGGATCCACCACACACT,0,0
Atr_58720-60,A,G,TTCCTATAGTTTAG,TTCCTATGGTTTAG,CCAGTCAAGTGCAAGGGTGA,0,0
Atr_58831-60,G,A,GTAAAATGTACGGC,GTAAAATATACGGC,TGCGTGTTTATCTTGAGAAACCG,0,0
Atr_5890-29,T,C,CTTCGTATGAGATG,CTTCGTACGAGATG,CAGGTGTAAACCCCCGAGTC,0,0
Atr_5892-46,A,C,TCATTCCAGAATCC,TCATTCCCGAATCC,CAATAGCATGGCCGCACTTC,0,0
Atr_59201-47,G,A,CAGCAGGGTCCACT,CAGCAGGATCCACC,GCTTGATTTCACTGGGTGCC,0,0
Atr_59284-42,G,T,CAGAGATGAATTTT,CAGAGATTAATTTT,AACCTCGTCACCCTCTCTCA,0,0
Atr_59310-44,A,C,CTCAGCGAGCACTC,CTCAGCGCGCACTC,GCAGTTTGGTGAAGCTCAGC,0,0
Atr_59842-43,G,A,GGCGGTTGAACCAG,GGCGGTTAAACCAG,CATCTCTCTTGTGAGGGCGG,0,1.2
Atr_60162-29,T,A,TTTTTTTTAATTTG,TTTTTTTAAATTTG,TGCAGGCAGGACTGTTTC,0,0
Atr_60265-55,C,A,GGCTTCCCAGTGTC,GGCTTCCAAGTGTC,AGGGGTCGGATTAGCCACTA,0,0
Atr_60368-72,A,T,AGGAACCAGCA,AGGAACCTGCA,CGATGGCCTCCAAGGAACC,0,0
Atr_60688-70,C,T,GAACCAGCGGTTG,GAACCAGTGGTTG,CCTCCAATGACCTACTGAACCA,0,0
Atr_60859-44,T,C,AATTCAATTGACCC,AATTCAACTGACCC,AGGGGTCAGAATCTGCATGC,0,0
Atr_61062-75,C,A,ATCTGGGC,ATCTGGGA,TGCCCTGAAAGAGGTCAGTT,0,0
Atr_61171-66,C,T,GATGTGACTGCACG,GATGTGATTGCACG,CCGACGCTGTAAGTTCTGGA,0,0
Atr_62330-56,A,C,AGGGTGAAGTCCCA,AGGGTGACGTCCCA,GGGCCAGGAAGGAAAAGCAT,0,0
Atr_62419-71,G,A,CTGCAACGACAC,CTGCAACAACAC,CCTGCAGAGAGACACAGACG,0,0
Atr_62463-34,C,T,TGCAGAGCGTTCAC,TGCAGAGTGTTCAC,GCAGGGATAGAAATAAGACTCTGGT,0,0
Atr_62952-34,T,C,TTCTCCTTGTGGTG,TTCTCCTCGTGGTG,GGATTGGAAGCAACGTTTCTCC,0,0
Atr_63076-27,T,A,ACAAATTTCATTCA,ACAAATTACATTCA,GCAGGCAACAACAACCTCAC,0,1.2
Atr_63101-44,A,G,ACCAGGCAAATTTC,ACCAGGCGAATTTC,CCATTGTTACAGGGTTTGGGG,0,0
Atr_63246-38,A,G,GTGTATTATGTATC,GTGTATTGTGTATC,CAGTCAGCTGCATTGTGTGT,0,0
Atr_64006-52,C,T,GGTTTACCCTGAAG,GGTTTACTCTGAAG,CTGGATGGGGAGCGGTTTAC,0,0
Atr_64706-45,T,A,CACTGACTGCTGTA,CACTGACAGCTGTA,TGCAGGGATGGTCCTTGTTG,1.9,0
Atr_65729-42,T,G,GTTACCATCTCTAC,GTTACCAGCTCTAC,TTAATTCACAATGTAGCAGTTACCA,0,0
Atr_65843-52,G,T,GCGTCAGGTGGGAA,GCGTCAGTTGGGAA,AATGTGAGTAAGGGGGCGTC,0,0
Atr_66563-34,A,G,AACCTCTATACAGT,AACCTCTGTACAGT,TGCAGGTTAAATGTCCACATCA,0,0
Atr_66664-59,C,T,CTCAGAGCTCCCTG,CTCAGAGTTCCCTG,AGGTACCCCTTGCCAAATGG,0,0
Atr_66806-52,T,C,TTACCTGTTTGAGA,TTACCTGCTTGAGA,AGCCCTGCTTTAACAGTGGT,0,0
Atr_68186-72,C,T,ACAGTCCCTGC,ACAGTCCTTGC,TACCAGTCGCCTGACCAGTA,0,0
Atr_68762-59,A,T,CTCAGATAGTGAGA,CTCAGATTGTGAGA,GGGTGCAGCAAGGATGGTAT,0,0
Atr_68808-31,A,T,GTATTAAAGCTGGC,GTATTAATGCTGGC,GGTAATGCCTCCCCACTTGT,0,0
Atr_69047-33,A,G,TAATTATATGAAAG,TAATTATGTGAAAG,GCAGGCTGCTACTGTAGTCT,2,0
Atr_69217-58,A,G,TCAAAGCACCCGAG,TCAAAGCGCCCGAG,AAGCCCCCTTTCTGCTTCTC,0,0
Atr_6988-51,T,C,TTAACTTTAGATCA,TTAACTTCAGATCA,TGGTTCTGGCAGGAACTCAC,0,0
Atr_7001-57,T,C,CACATTATTTCTGT,CACATTACTTCTGT,CCAGAGTGATGTGCATAAAGCC,0,0
Atr_70167-40,C,T,CAGACCTCGTCCTG,CAGACCTTGTCCTG,GCATGCATCAGATAGCCAGC,0,0
Atr_7026-63,C,A,AATTCACCAAGTTT,AATTCACAAAGTTT,GGGGTGCCCAAATATATTGCA,0,0
Atr_70459-55,C,T,TCTGTTTCACATTG,TCTGTTTTACATTG,GGAAGATTCCGATGACAGAACT,0,0
Atr_70479-48,T,A,CATAGATTGCTTCA,CATAGATAGCTTCA,GTCTGGGAAATGTCTGGGCA,1.8,0
Atr_70609-65,A,T,TCTGGACAGATTAA,TCTGGACTGATTAA,GCAATGGCTAAACATCTGGAACA,0,0
Atr_70880-74,T,C,CCCTCACTT,CCCTCACCT,GCTTTTCTTTGGCCCAAGGG,0,0
Atr_72251-33,A,C,TTAGGAGATGCTGA,TTAGGAGCTGCTGA,AGAAGCTGGGAGTGGTTAGGA,0,0
Atr_72558-41,C,T,TCCATGTCGTCTAA,TCCATGTTGTCTAA,GCAGGGCTAGTGACTCTTCA,0,0
Atr_72693-61,A,G,TTAAGGCATACATA,TTAAGGCGTACATA,CGGTGTGCTGCTATTTAAGGC,0,0
Atr_7298-56,C,T,GTCCCGACCAGGCG,GTCCCGATCAGGCG,CGGTCAGTATGGCTCCTGTC,0,0
Atr_73505-52,A,T,CATTCAAAACACAC,CATTCAATACACAC,GCAGGAAAAACAAGCCAGGG,0,0
Atr_73905-66,A,T,AAGTTTTAAAACTG,AAGTTTTTAAACTG,AGGTTCCTCCTGTTTACAAGTT,0,0
Atr_74322-45,A,G,GGTTTATACACATG,GGTTTATGCACATG,CAGAGGGCAGGTCCAAGAAA,0,0
Atr_74662-68,T,C,AAAAGTTTCCCCCT,AAAAGTTCCCCCCT,AGGGGAGTGCTGTGTTTGTG,1.8,0
Atr_74747-45,C,T,CAATTTGCTATCAG,CAATTTGTTATCAG,TGCAGGCAAAACAAGACAGAC,0,0
Atr_75140-58,C,T,GAGTATGCTTTCAT,GAGAATGTTTTCAT,CACCAGAGTGCTTTAAGGTTTATAA,0,0
Atr_75407-53,G,T,ACAGACAGGGTCTC,ACAGACATGGTCTC,GGAAAGGTACAGTACAGGGCA,0,0
Atr_756-60,T,A,ATCTAACTACTGAC,ATCTAACAACTGAC,TGCAGGCATTCATAAACCACG,0,0
Atr_76253-44,G,A,CTGTCTCGCCTCTC,CTGTCTCACCTCTC,AGGTTCTTATTACATGCCTCTGTCT,0,0
Atr_76418-65,A,T,CCGGCTTATCTGAA,CCGGCTTTTCTGAA,GGTAATGCGTGGGTGGTGTT,0,0
Atr_76571-26,C,A,CGATGTTCACGTGC,CGATGCTAACGTGC,GAGGGTCCGCTAGCGATG,0,0
Atr_76888-43,C,T,TGTCAAGCGATTGA,TGTCAAGTGATTGA,ACAACAGAATCAGGGCTGTCA,0,0
Atr_77778-67,C,T,AGTAGATCACCAGA,AGTAGATTACCAGA,TTGCCTACCCCTGCTTTAGC,0,0
Atr_7793-68,C,A,CGGTACTCAAATAA,CGGTACTAAAATAA,TAGGGAAAGGGAGTCAGCCA,0,0
Atr_78413-36,G,T,TACCCGAGTCTAAA,TACCCGATTCTAAA,TGCAGGTGTGTATTGCTGACA,0,0
Atr_78571-74,A,C,AAGTGAGAC,AAGTGAGCC,GACTTGCAGGTGTTCGGAGT,0,0.5
Atr_78600-73,C,A,CCCAGCTCAG,CCCAGCTAAG,AATAAGGAGCAAGCCCAGCT,0,0
Atr_7928-34,C,A,GTCATAACTGCTCA,GTCATAAATGCTCA,GGGGTTGCAGTACCTTGAGG,0,0
Atr_7944-51,C,A,GGCAGCTCGCGGCC,GGCAGCTAGCGGCC,GTGACCAGTACGTGACCCAG,0,0
Atr_34-41,G,C,GTCCTGCAATGCTGT,GTCCTCCAATGCTGT,CCTGCCTGTGTGCAATTCAG,0,0
Atr_525-66,G,C,AACAAGAAGCAAAGA,AACAACAAGCAAAGA,TCCAGCATGACCATCTCTGC,0,0
Atr_769-65,C,T,CCTCTCAAACTAAAA,CCTCTTAAACTAAAA,GTCCACACAGTACTTGGCCT,0,0
Atr_1720-33,C,A,GGGGGCTTTGAGAGC,GGGGGATTTGAGAGC,GGCAAAGCAGAAGGGGG,0,0.7
Atr_2858-58,C,G,ACCAGCTGTGCCGGG,ACCAGGTGTGCCGGG,TGCAGGCATTTTGTTGGACC,0,0
Atr_3451-52,T,G,GTGCTTTACCAACAT,GTGCTGTACCAACAT,GGTTTGGAGGAAGTTTGTGCT,0,0
Atr_3903-41,G,A,AGCTGGTGAATCGGA,AGCTGATGAATCGGA,TGCAGGTTGAGTTCAGATTGT,0,0
Atr_4674-42,C,A,TTCCTCCTCCTTATC,TTCCTACTCCTTATC,GGTGTCTGCTTTGAGCTTGG,0,0
Atr_5019-45,C,T,TCCTGCAGC[TA]TTCCT,TCCTGTAGC[TA]TTCCT,GCACCGCTGAATGCTACATC,0,0.3
Atr_6251-29,G,T,TCAGGGGGAGATGCA,TCAGGTGGAGATGCA,TGCAGGGACACAAGAGCTTC,0,0
Atr_6456-50,G,A,GTTCAGACTGCAGGT,GTTCAAACTGCAGGT,GCATTGCTGCCAGGTTAACA,0,0
Atr_6612-39,A,C,TGCCCATATACATGG,TGCCCCTATACATGG,TGCAGGGATGCCTATTGTACA,0,0
Atr_7072-61,C,T,AAGGACGTTGCTCGC,AAGGATGTTGCTCGC,ACGCACCTCAAACCAGTTGA,0,0
Atr_7817-58,G,A,ACAC[CT]GTTCATCAGC,ACAC[CT]ATTCATCAGC,GCCTCAGCTGAAAACACAAGA,0,0
Atr_8314-34,T,A,GATATTGTATGTGGC,GATATAGTATGTGGC,TGCAGGATTCCTTTACAGAAGA,0,0
Atr_9723-56,C,T,ATGCGCAGTCTGTAG,ATGCGTAGTCTGTAG,TGATGGGCCATCTTTCACGG,0,0
Atr_10322-43,G,A,GCAGCGAAACAAAGA,GCAGCAAAACAAAGA,TGCAGGGGCTATCAGAGACT,0,0.3
Atr_10437-26,T,G,TTTTTTGGCAACTGT,TTTTTGGGCAACTGT,TGCAGGTGGGTTATGGGTTG,0,0
Atr_10672-61,C,T,GACCACACTGGGCAG,GACCATACTGGGCAG,GCAAAATTGGCAGGGATGGT,0,0
Atr_11104-35,T,C,TGCACTGTCGTGTCT,TGCACCGTCGTGTCT,CGCTAGTAGTGAAGTGAAGTGC,0.5,0
Atr_11585-33,C,T,TAAAGCCAAGTTTGT,TAAAGTCAAGTTTGT,GGTTGGTAGTTTGCGGCATT,0,0
Atr_13132-45,G,A,GCCACGAAGAACATG,GCCACAAAGAACATG,GTGACCAGCATGACCACCAT,1.8,0
Atr_13476-65,A,T,TTATCAGTATGCAGC,TTATCTGTATGCAGC,CGTTTTCCAGCACCACAGGT,0.3,0
Atr_13996-43,T,C,TATTCTGTAATGTTT,TATTCCGTAATGTTT,CAGGTCTGCTGTGTGTGACA,0,0
Atr_14824-32,A,G,TTAACATGAAAGTCA,TTAACGTGAAAGTCA,TGCAGGGATCCACAGAAATGT,0,0
Atr_14862-38,T,C,TTGACTCCCTTTAAG,TTGACCCCCTTTAAG,CGCCTCCCCAGGACTATTTT,0,0
Atr_15273-44,T,G,ATAGATCCTGTCCTA,ATAGAGCCTGTCCTA,GGGAATGTTTCTCTGTTTTGGAT,0,0
Atr_15294-66,T,A,TGGGATAGAATTTTC,TGGGAAAGAATTTTC,TGTATTGTTCGGATGAATTGGGA,0,0
Atr_17710-71,T,C,CAGGATGCCC,CAGGACGCCC,GCTCTCCCATCTTTTGCAGC,0.6,0
Atr_18403-29,C,G,AGATCCATGAAGCTC,AGATCGATGAAGCTC,TGCAGGTAATGAATGTTGCCT,0,0
Atr_19496-44,A,G,GAGTGAGGCTATTGG,GAGTGGGGCTATTGG,CACACCTAGGGGCACATTGA,0.6,0
Atr_19783-57,C,A,TCTAACATGGACATC,TCTAAAATGGACATC,TCTTCTTCTGGAATGATTACATCCA,0,0
Atr_20037-39,G,A,AGAACGTGTTCCTGC,AGAACATGTTCCTGC,GCAGGCGTAGAGTTACAGCA,0,0
Atr_20117-55,A,G,GCTTCACCCCAGGCA,GCTTCGCCCCAGGCA,CCTGCTCCCAAACAGGACAA,0,0
Atr_20219-65,A,G,ATGCCAGGCTTTCTA,ATGCCGGGCTTTCTA,TGGACCTTATTAGAAGCTTAATGCC,0,0
Atr_20529-52,A,G,GCACAACTTTTTACA,GCACAGCTTTTTACA,ATCGCAGCTTGACAGTGAGT,0,0
Atr_20740-65,T,C,ATTGCTCTCTGCCCT,ATTGCCCTCTGCCCT,AACATCATCCCCTTCCTGCG,0.6,0
Atr_22727-31,C,T,TTTGCCAGATTTCAG,TTTGCTAGATTTCAG,GCAGGAAACCATGATGCACC,0,0
Atr_25159-57,T,C,TATTTTAGTGGAAGC,TATTTCAGTGGAAGC,CCTGAGTGTGTGAACCAGCT,0,0
Atr_25540-60,C,T,AATTCCCAGCTATGC,AATTCTCAGCTATGC,AGCAGACCACTGGCATGAAT,0,0
Atr_25562-47,A,G,CGGCAAGCAATAAAA,CGGCAGGCAATAAAA,CGGTTATAGGATTAGTATGCGGC,0,0
Atr_25884-65,T,G,AAAATTTTTCCCGAA,AAAATGTTTCCCGAA,GCAGGGAGATTGGGAAGTCA,0,0
Atr_26310-63,A,C,GAACGAAGCTTAGTT,GAACGCAGCTTAGTT,CAAAATGCCCGATCACCCAC,0,0
Atr_27395-73,C,T,CAGG[GA]CGC,CAGG[GA]TGC,TGCGACTCTGCTGTGTATGA,0,0
Atr_28175-70,T,G,TTTAGTTTTGC,TTTAGGTTTGC,AGGTAGGCTAGAAATCGGTTCA,0,0
Atr_28861-59,T,A,GACCCTGGTGCAGAT,GACCCAGGTGCAGAT,ACCCAGGACCAAAGGGAGAT,0,0
Atr_29024-55,A,G,CTCTCAAGTCCTTGA,CTCTCGAGTCCTTGA,TCCAAAGGCCGGTAACTCAC,0,0
Atr_29277-35,C,G,TGAAACAGCAGTATG,TGAAAGAGCAGTATG,GGATCGCTCTCTGCTTGTGA,0,0
Atr_29302-34,C,T,CTGCTC[GA]TCTACAGT,CTGCTT[GA]TCTACAGT,GCAGGCTGTATAGTGAAACTGG,0,0
Atr_31917-28,T,C,AAAACTGGTCGCTCA,AAAACCGGTCGCTCA,TGCAGGACCAAGTGGGATTA,0,0
Atr_32551-51,G,A,AGGTCGAAGTAGTGG,AGGTCAAAGTAGTGG,GCTCTCCAGGTTGTCGTTGA,0,0
Atr_32840-74,T,A,TTCATTA,TTCATAA,TGGCACAGCTTTACCGGTTT,0,0
Atr_33798-72,G,T,GTGCCGCTG,GTGCCTCTG,ATTTTGGTTTGTGGCGGTGC,0,0.3
Atr_35415-62,C,A,CAGAACGTTAAAATT,CAGAAAGTTAAAATT,GGAAGTTGGTCTTATGATTAGTGTT,0,0
Atr_36194-59,T,C,CTTTCTGTTCTCAGA,CTTTCCGTTCTCAGA,CCATCTGCAGTGTGGAATCCT,0.9,0
Atr_36740-33,G,A,TAGAAGTGTAGATGA,TAGAAATGTAGATGA,TGCAGGCTAATATAAAGTAGAAAGC,0,0
Atr_37068-70,C,T,TTTGTCTTTCG,TTTGTTTTTCG,ATAAAGCATGAACACCACATGG,0,0
Atr_37739-28,T,C,ATAGCTGGTACAGGT,ATAGCCGGTACAGGT,GCAGGATCATGCATGCGC,0.3,0
Atr_37898-35,C,A,GCTGGCTTGGTCGTG,GCTGGATTGGTCGTG,CAGGCTGGCCTTTGTCCATA,0,0
Atr_38591-73,A,T,CCGTCATT,CCGTCTTT,GCTGAAGTATAAACAACATCACCGT,0,0
Atr_40169-65,C,T,AGACCCAGTTGTGGC,AGACCTAGTTGTGGC,GGGTGGTTCCTACATGACGT,0,0
Atr_40774-37,A,G,ACTCAACTCTGACCC,ACTCAGCTCTGACCC,TGCAGGCAAACAGTCTTTAGAC,0,0
Atr_42741-51,T,A,CGTCATTTTGAAATT,CGTCAATTTGAAATT,TGTGCAGACTAAAAGCATGCG,0,0
Atr_43402-63,A,T,AGATCACTCAACAAA,AGATCTCTCAACAAA,GCAGGTTTGACTTGCTTGGG,0,0
Atr_43571-39,C,A,TACATCTATCTGGTT,TACATATATCTGGTT,TGCAGGGATATAGTATGTCACTTT,0,0
Atr_43809-42,A,T,AAAATA[AT]AAAAAATA,AAAATT[AT]AAAAAATA,GCAGGGCGTATCGACAGATT,0,0
Atr_44873-44,C,T,GCTGACATCTGTCAT,GCTGATATCTGTCAT,ATGGTCTTTTTCCCCCTGGG,0,0
Atr_46006-31,C,A,TGCTGCATGCTTCAC,TGCTGAATGCTTCAC,TGCAGGATATAATAGTAAAGGGGTC,0,0
Atr_46247-56,C,T,TAAACCGGGGCTCTG,TAAACTGGGGCTCTG,GTCAGGGACTCGTGGACTTC,0,0
Atr_46720-39,G,A,GTAGAGCTGTATTAT,GTAGAACTGTATTAT,TGTTTTACAGCTTGCTCCTAGT,0,0
Atr_47163-58,C,T,TGCAGCGGCACATGG,TGCAGTGGCACATGG,ATCCATCTGTCCCTCCAGCT,0,0
Atr_49532-44,T,G,AAACTTTAT[CA]GTCTG,AAACTGTAT[CA]GTCTG,GCAGGAACTTTGCAACTACTGT,0,0
Atr_50179-30,T,C,GCCAATGGGTTGAAG,GCCAACGGGTTGAAG,TGCAGGCCTCTTAGCTGTTG,0.4,0
Atr_50212-69,C,A,AGAGACTATGGC,AGAGAATATGGC,TCACTACAGAATGTGTTCAGCTCA,0,0
Atr_50642-59,C,G,CCCTACTTAATGACA,CCCTAGTTAATGACA,CAGGATCGTGGTGCTCCAG,0,0
Atr_51832-58,A,C,CAGTCAATGC[TC]GATT,CAGTCCATGC[TC]GATT,GCTGTAGGGTCCACGGTAGA,0,0
Atr_51999-44,A,G,AATATAATGGGTAAG,AATATGATGGGTAAG,TAGGGTCCCAGGGCAGTTTA,0,0
Atr_52021-40,C,T,AGATGCACTGCATTA,AGATGTACTGCATTA,TGCAGGTGTCACATTCACTGT,0,0
Atr_53210-55,C,T,AGAAGCCAATAGGTG,AGAAGTCAATAGGTG,TCTTGCATCATGCCTACCAGT,0,0
Atr_53686-72,A,C,AATACAAAT,AATACCAAT,CCCGTGGTTTGTAAGCAGGA,0,0
Atr_53904-44,A,G,AGTCAATTAGTCAAG,AGTCAGTTAGTCAAG,TGCAGGAGACCGTGAAATGT,0.2,0
Atr_54795-72,G,A,CATTTGTAT,CATTTATAT,TGCACTGATGATGAAGGTGT,0,0
Atr_55583-67,G,A,TTACCGGGATTGAC,TTACCAGGATTGAC,ACGAGGCATTGATTAAGTCCAGT,0,0
Atr_55892-54,G,A,ATCTCGTAGACCTCA,ATCTCATAGACCTCA,AGCCTGTCACTTCCAATGAGG,0,0
Atr_58305-70,G,A,CCACTGTGGTG,CCACTATGGTG,TGTCTACAGTTGTTACATGTCCA,0,0
Atr_59487-73,C,T,ATAAACGT,ATAAATGT,ACTTGAGCAAAAGGAATGCAGA,0,0
Atr_59800-43,C,G,ACAGTCCCTAACTAT,ACAGTGCCTAACTAT,CACTGTAGCAGGGTGACGAG,0,0
Atr_61911-75,C,G,ATTGCC,ATTGCG,AGTGGCAGCTCCTTCACTTC,0,0
Atr_63042-40,T,C,ACTCATTGACCTCTG,ACTCACTGACCTCTG,GTCTTTGCCCTCCATGAGCT,0,1.8
Atr_63885-66,C,T,GCTGCCGTCGGTCAG,GCTGCTGTCGGTCAG,TGTTACCCAAGCTGTGTTCAG,0,0
Atr_64217-68,A,G,CCTTAAATTCGAG,CCTTAGATTCGAG,TGTTAACAAGGGAAACGCCG,0,0
Atr_65094-30,A,G,AGAGCAGACGCCAGT,AGAGCGGACGCCAGT,GCAGGGCTGTCTTCGAGAG,0,0
Atr_65359-46,T,C,CATCTTCAATCAG[CT]T,CATCTCCAATCAG[CT]T,GTAGTTCCCCTGCCTTGCAT,0,0
Atr_65377-56,G,A,TAACAGGATAATAGG,TAACAAGATAATAGG,CTGGTGATCCCTGCTGTAGG,0,0
Atr_67534-27,C,T,CATAACTACAAATAT,CATAATTACAAATAT,GCAGGCAAGTGCAACATCAA,0,0
Atr_67759-28,G,A,GGCACGGCACAAAAC,GGCACAGCACAAAAC,AGGGGAAGAGCCAGTGAGAG,0,0
Atr_68680-72,T,C,CATGATCAG,CATGACCAG,TTACCAAGGAAACCAGGGGC,0,0.7
Atr_70139-39,G,A,ATTACGATCCCCCCA,ATTACAATCCCCCCA,GGAGTCCTACAAAGTTAAAGGGC,0,0
Atr_70467-53,A,G,TAAGCACTTCAGAAT,TAAGCGCTTCAGAAT,TGACACACCTGAAAAACACCAC,0,0
Atr_71195-60,A,T,CAGAAAGATGGGGTG,CAGAATGATGGGGTG,TGATGTTGAAGCCTCTACACCA,0,0
Atr_72165-47,C,A,GGTCTCGGGGTTTCC,GGTCTAGGGGTTTCC,GGGTTGCCTACCTCTGGTCT,0,0.3
Atr_73438-69,T,C,TGAAATAAACAA,TGAAACAAACAA,AGCTGCACCCCTTTTTAACT,0,0
Atr_73608-61,C,T,CGACCCGGGTCTATT,CGACCTGGGTCTATT,TGCATTTTGCTTCGCTCGAC,0,0.3
Atr_73740-69,T,C,ACATTTCTGTGC,ACATTCCTGTGC,CCTTTCGTAGGCACACTAGACA,0,0
Atr_73987-49,G,A,GCATGGCCAGTTATA,GCATGACCAGTTATA,CTTACCCTCCACTGCTAGCTG,0,0
Atr_73994-27,C,T,CAAGACTATGAAGAG,CAAGATTATGAAGAG,TGCAGGTCTATTTTCTAACAGCA,0,0
Atr_74094-36,G,A,TGCCCGTCATTATGC,TGCCCATCATTATGC,GGATGTGCAAGCATGGAACC,0.3,0
Atr_74730-29,G,A,AAGCCGCAGAAAGAC,AAGCCACAGAAAGAC,GCAGGTTCAGAGGGAGTTTGA,0,0
Atr_74844-59,T,A,CCTTTTGTTGTTACA,CCTTTAGTTGTTACA,GTGAACCACACTTGTCTTTCTGT,0,0
Atr_74987-50,T,C,TTTACTTCAAACTAC,TTTACCTCAAACTAC,GCAGGGCGAATTCTCAATATGG,0,0
Atr_75982-70,G,T,ATGAAGAAGAT,ATGAATAAGAT,CAGGAAGATCCGGCAAAAGA,0,0
Atr_76409-55,G,A,CAGCCGCAGGAGAGC,CAGCCACAGGAGAGC,TCAGCGAGTGAGTGGACAAC,0,0.4
Atr_76791-46,G,A,TATCCGCTGTAGCAC,TATCCACTGTAGCAC,GTCCCCTGAGCTCACCAAG,0,0
Atr_76890-36,G,A,TTCTCGATCTCGCTT,TTCTCAATCTCGCTT,CAGTCGCCGAATCCTGTTCT,0,0
Atr_78173-42,T,C,GGCATTGGAAC[CG]GTC,GGCATCGGAAC[CG]GTC,CTCAGGTCACCCAGCAGAG,0.3,0
Atr_78858-41,A,G,CATGAACCATTTTTT,CATGAGCCATTTTTT,AGCTGACAACGACATCATGA,0,0
